<?xml version="1.0" encoding="UTF-8" ?>
<!DOCTYPE mapper
  PUBLIC "-//mybatis.org//DTD Mapper 3.0//EN"
  "http://mybatis.org/dtd/mybatis-3-mapper.dtd">
  
<mapper namespace="com.mybatis3.mappers.TutorMapper">
		  	
  	<resultMap type="Address" id="AddressResult">
  		<id property="addrId" column="addr_id"/>
		<result property="street" column="street"/>
		<result property="city" column="city"/>
		<result property="state" column="state"/>
		<result property="zip" column="zip"/>
		<result property="country" column="country"/>
  	</resultMap>
  	
  	<resultMap type="Course" id="CourseResult">
  		<id 	column="course_id" property="courseId"/>
  		<result column="course_name" property="name"/>
  		<result column="description" property="description"/>
  		<result column="start_date" property="startDate"/>
  		<result column="end_date" property="endDate"/>
  	</resultMap>
  	
  	<resultMap type="Tutor" id="TutorResult">
  		<id 	column="tutor_id" property="tutorId"/>
  		<result column="tutor_name" property="name"/>
  		<result column="email" property="email"/>
  		<association property="address" resultMap="AddressResult"/>
  		<collection property="courses"  resultMap="CourseResult"></collection>
  	</resultMap>
  	
</mapper>