<?xml version="1.0" encoding="UTF-8" ?>
<!DOCTYPE mapper
  PUBLIC "-//mybatis.org//DTD Mapper 3.0//EN"
  "http://mybatis.org/dtd/mybatis-3-mapper.dtd">
  
<mapper namespace="com.mybatis3.mappers.StudentMapper">
	
	<resultMap type="Student" id="StudentResult">
		<id 	property="studId" column="stud_id"/>
		<result property="name" column="name"/>
		<result property="email" column="email"/>
		<result property="dob" column="dob"/>
	</resultMap>
  
  	<select id="findAllStudents" resultMap="StudentResult">
    	select * from Students
  	</select>
  	
  	<select id="findStudentById" parameterType="int" resultType="Student">
    	select stud_id as studId, name, email, dob from Students where stud_id=#{studId}
  	</select>
  	
  	<insert id="insertStudent" parameterType="Student" useGeneratedKeys="true" keyProperty="studId">
  		INSERT INTO STUDENTS(NAME,EMAIL,DOB) VALUES(#{name},#{email},#{dob})
  	</insert>
  	
  	<update id="updateStudent" parameterType="Student">
  		UPDATE STUDENTS SET NAME=#{name}, EMAIL=#{email}, DOB=#{dob} WHERE STUD_ID=#{studId}
  	</update>
  	
</mapper>