<?xml version="1.0" encoding="UTF-8" ?>
<!DOCTYPE configuration
PUBLIC "-//mybatis.org//DTD Config 3.0//EN"
"http://mybatis.org/dtd/mybatis-3-config.dtd">
<configuration>

	<!-- 和spring整合后environments配置将废除 -->
	<environments default="development">
		<environment id="development">
			<transactionManager type="JDBC" /><!-- 事务管理 -->
			<!-- 连接池配置 -->
			<dataSource type="POOLED">
				<property name="driver" value="com.mysql.jdbc.Driver" />
				<property name="url"
					value="jdbc:mysql://localhost:3306/test_mybatis?characterEncoding=utf8" />
				<property name="username" value="root" />
				<property name="password" value="root" />
			</dataSource>
		</environment>
	</environments>
	
	<!-- 加载映射文件 -->
	<mappers>
		<mapper resource="com/hqu/mapper/UserMapper.xml" />
	</mappers>
	
</configuration>