<?xml version="1.0" encoding="UTF-8"?>
<beans xmlns="http://www.springframework.org/schema/beans"
	xmlns:xsi="http://www.w3.org/2001/XMLSchema-instance"
	xmlns:aop="http://www.springframework.org/schema/aop"
	xmlns:context="http://www.springframework.org/schema/context"
	xmlns:p="http://www.springframework.org/schema/p"
	xmlns:tx="http://www.springframework.org/schema/tx"
	xmlns:mybatis="http://mybatis.org/schema/mybatis-spring"
	xsi:schemaLocation="http://www.springframework.org/schema/beans 
						http://www.springframework.org/schema/beans/spring-beans.xsd
						http://www.springframework.org/schema/aop 
						http://www.springframework.org/schema/aop/spring-aop-3.0.xsd
						http://www.springframework.org/schema/context 
						http://www.springframework.org/schema/context/spring-context.xsd
						http://www.springframework.org/schema/tx 
						http://www.springframework.org/schema/tx/spring-tx-3.0.xsd
						http://mybatis.org/schema/mybatis-spring http://mybatis.org/schema/mybatis-spring.xsd">
	
	<context:annotation-config />

	<context:component-scan base-package="com.mybatis3" />

	<context:property-placeholder location="classpath:application.properties" />
	
     
    <tx:annotation-driven transaction-manager="transactionManager"/>
	
	<bean id="transactionManager" class="org.springframework.jdbc.datasource.DataSourceTransactionManager">
  		<property name="dataSource" ref="dataSource" />
	</bean>
	
	<!-- <mybatis:scan base-package="com.mybatis3.mappers"/> -->
	
	<!-- <bean class="org.mybatis.spring.mapper.MapperScannerConfigurer">
	  <property name="basePackage" value="com.mybatis3.mappers" />
	</bean> -->

	<bean id="sqlSession" class="org.mybatis.spring.SqlSessionTemplate">
	  <constructor-arg index="0" ref="sqlSessionFactory" />
	</bean>
	
   	<bean id="sqlSessionFactory" class="org.mybatis.spring.SqlSessionFactoryBean">
  		<property name="dataSource" ref="dataSource" />
  		<property name="typeAliasesPackage" value="com.mybatis3.domain"/>
  		<property name="typeHandlersPackage" value="com.mybatis3.typehandlers"/>
  		<property name="mapperLocations" value="classpath*:com/mybatis3/**/*.xml" />
	</bean>
	
     <bean id="dataSource" class="org.springframework.jdbc.datasource.DriverManagerDataSource">
		<property name="driverClassName" value="${jdbc.driverClassName}"/>
		<property name="url" value="${jdbc.url}"/>
		<property name="username" value="${jdbc.username}"/>
		<property name="password" value="${jdbc.password}"/>
	</bean>
	
</beans>
